Name,Age,City,Gender,Occupation
Benjamin,25,New York,Male,Engineer
Emma,30,Los Angeles,Female,Doctor
Christopher,35,Chicago,Male,Teacher
Matthew,40,San Francisco,Male,Designer
Olivia,28,Miami,Female,Writer
Ethan,32,Boston,Male,Manager
Ava,27,Seattle,Female,Software Engineer
William,45,Houston,Male,Accountant
Sophia,33,Dallas,Female,Marketing Specialist
James,26,New York,Male,Student
Isabella,31,Los Angeles,Female,Engineer
Daniel,36,Chicago,Male,Doctor
David,41,San Francisco,Male,Teacher
Sarah,29,Miami,Female,Designer
Alexander,33,Boston,Male,Writer
Mia,28,Seattle,Female,Manager
Joseph,46,Houston,Male,Software Engineer
Emily,34,Dallas,Female,Accountant
Henry,27,New York,Male,Engineer
Charlotte,32,Los Angeles,Female,Doctor
Michael,37,Chicago,Male,Teacher
David,42,San Francisco,Male,Designer
Sophia,30,Miami,Female,Writer
Andrew,34,Boston,Male,Manager
Olivia,29,Seattle,Female,Software Engineer
Daniel,47,Houston,Male,Accountant
Sophia,35,Dallas,Female,Marketing Specialist
Benjamin,28,New York,Male,Student
Emily,33,Los Angeles,Female,Engineer
Michael,38,Chicago,Male,Doctor
David,43,San Francisco,Male,Teacher
Sarah,31,Miami,Female,Designer
Alexander,35,Boston,Male,Writer
Olivia,30,Seattle,Female,Manager
Daniel,48,Houston,Male,Software Engineer
Sophia,36,Dallas,Female,Accountant
